{
    "savedView": {
        "id": "id",
        "shared": true,
        "savedViewData": {
            "itwin3dView": {
                "origin": [510084.88764693454, 6650787.234719286, -22.034522060553506],
                "extents": [109.77969621257716, 50.627195624788875, 54.88984810892244],
                "angles": {
                    "pitch": 67.25527133335302,
                    "roll": -44.57278162408132,
                    "yaw": -43.10946009114593
                },
                "camera": {
                    "lens": 90.00000000000539,
                    "focusDist": 54.88984810628343,
                    "eye": [510144.77487766906, 6650826.831049917, 17.555364627677914]
                },
                "categories": {
                    "enabled": ["0x2000000003c", "0x2000000003e", "0x20000000042", "0x2000000005a", "0x2000000005e", "0x20000000060", "0x20000000062", "0x20000000064", "0x30000000014", "0x30000000016", "0x3000000001a", "0x40000000009", "0x40000000014", "0x40000000016", "0x4000000001a", "0x40000000042", "0x40000000044", "0x40000000046", "0x40000000048", "0x4000000004a", "0x5000000000b", "0x50000000016", "0x50000000018", "0x5000000001c", "0x5000000002d", "0x5000000002f", "0x50000000031", "0x50000000033", "0x50000000051", "0x50000000055", "0x50000000057", "0x50000000059", "0x6000000000b", "0x60000000016", "0x60000000018", "0x6000000001c", "0x7000000000b", "0x70000000016", "0x70000000018", "0x7000000001c", "0x7000000002b", "0x8000000000b", "0x80000000016", "0x80000000018", "0x8000000001c", "0x8000000002a", "0x90000000016", "0x90000000018", "0x9000000001c", "0xa0000000016", "0xa0000000018", "0xa000000001c"]
                },
                "models": {
                    "enabled": ["0x1", "0x10", "0x20000000008", "0x30000000003", "0x40000000003", "0x50000000005", "0x60000000005", "0x70000000005", "0x80000000005", "0x90000000005", "0xa0000000005", "0x20000000009", "0x2000000000d", "0x2000000000b", "0x2000000000c", "0x2000000000a", "0x20000000035", "0x20000000037", "0x20000000036", "0x2000000006e", "0x2000000006f", "0x20000000038", "0x20000000039", "0x2000000003a", "0x2000000003b", "0x30000000004", "0x30000000008", "0x30000000006", "0x30000000007", "0x30000000005", "0x3000000000d", "0x3000000000f", "0x3000000000e", "0x30000000010", "0x30000000011", "0x30000000012", "0x30000000013", "0x40000000004", "0x40000000008", "0x40000000006", "0x40000000007", "0x40000000005", "0x4000000000d", "0x4000000000f", "0x4000000000e", "0x40000000010", "0x40000000011", "0x40000000012", "0x40000000013", "0x50000000006", "0x5000000000a", "0x50000000008", "0x50000000009", "0x50000000007", "0x5000000000f", "0x50000000011", "0x50000000010", "0x50000000063", "0x50000000064", "0x50000000012", "0x50000000013", "0x50000000014", "0x50000000015", "0x60000000006", "0x6000000000a", "0x60000000008", "0x60000000009", "0x60000000007", "0x6000000000f", "0x60000000011", "0x60000000010", "0x60000000032", "0x60000000033", "0x60000000012", "0x60000000013", "0x60000000014", "0x60000000015", "0x70000000006", "0x7000000000a", "0x70000000008", "0x70000000009", "0x70000000007", "0x7000000000f", "0x70000000011", "0x70000000010", "0x70000000035", "0x70000000036", "0x70000000012", "0x70000000013", "0x70000000014", "0x70000000015", "0x80000000006", "0x8000000000a", "0x80000000008", "0x80000000009", "0x80000000007", "0x8000000000f", "0x80000000011", "0x80000000010", "0x80000000034", "0x80000000035", "0x80000000012", "0x80000000013", "0x80000000014", "0x80000000015", "0x90000000006", "0x9000000000a", "0x90000000008", "0x90000000009", "0x90000000007", "0x9000000000f", "0x90000000011", "0x90000000010", "0x90000000032", "0x90000000033", "0x90000000012", "0x90000000013", "0x90000000014", "0x90000000015", "0xa0000000006", "0xa000000000a", "0xa0000000008", "0xa0000000009", "0xa0000000007", "0xa000000000f", "0xa0000000011", "0xa0000000010", "0xa0000000032", "0xa0000000033", "0xa0000000012", "0xa0000000013", "0xa0000000014", "0xa0000000015"]
                },
                "displayStyle": {
                    "viewflags": {
                        "renderMode": 6,
                        "noConstructions": true,
                        "clipVolume": true,
                        "backgroundMap": true
                    },
                    "environment": {
                        "ground": {
                            "display": false,
                            "elevation": -0.01,
                            "aboveColor": {
                                "red": 0,
                                "green": 100,
                                "blue": 0
                            },
                            "belowColor": {
                                "red": 101,
                                "green": 67,
                                "blue": 33
                            }
                        },
                        "sky": {
                            "display": true,
                            "twoColor": true,
                            "skyColor": {
                                "red": 222,
                                "green": 242,
                                "blue": 255
                            },
                            "groundColor": {
                                "red": 240,
                                "green": 236,
                                "blue": 232
                            },
                            "zenithColor": {
                                "red": 222,
                                "green": 242,
                                "blue": 255
                            },
                            "nadirColor": {
                                "red": 240,
                                "green": 236,
                                "blue": 232
                            }
                        }
                    }
                },
                "clipVectors": [{
                    "planes": {
                        "clips": [
                            [{
                                "normal": [0, 0, -1],
                                "distance": -10.220581603000625
                            }]
                        ]
                    }
                }]
            },
            "legacyView": {
                "is2d": false,
                "groupId": "-1",
                "name": "plane1",
                "shared": true,
                "categorySelectorProps": {
                    "classFullName": "BisCore:CategorySelector",
                    "code": {
                        "spec": "0x1",
                        "scope": "0x1",
                        "value": ""
                    },
                    "model": "0x10",
                    "categories": ["0x2000000003c", "0x2000000003e", "0x20000000042", "0x2000000005a", "0x2000000005e", "0x20000000060", "0x20000000062", "0x20000000064", "0x30000000014", "0x30000000016", "0x3000000001a", "0x40000000009", "0x40000000014", "0x40000000016", "0x4000000001a", "0x40000000042", "0x40000000044", "0x40000000046", "0x40000000048", "0x4000000004a", "0x5000000000b", "0x50000000016", "0x50000000018", "0x5000000001c", "0x5000000002d", "0x5000000002f", "0x50000000031", "0x50000000033", "0x50000000051", "0x50000000055", "0x50000000057", "0x50000000059", "0x6000000000b", "0x60000000016", "0x60000000018", "0x6000000001c", "0x7000000000b", "0x70000000016", "0x70000000018", "0x7000000001c", "0x7000000002b", "0x8000000000b", "0x80000000016", "0x80000000018", "0x8000000001c", "0x8000000002a", "0x90000000016", "0x90000000018", "0x9000000001c", "0xa0000000016", "0xa0000000018", "0xa000000001c"]
                },
                "modelSelectorProps": {
                    "classFullName": "BisCore:ModelSelector",
                    "code": {
                        "spec": "0x1",
                        "scope": "0x1",